a,a,as,abogado,a_bogado,a_bogado
a,a,as,abrazar,a_brazar,a_brazar
a,a,as,abrigo,a_brigo,a_brigo
a,a,as,abril,a_bril,a_bril
a,a,as,abuelo,a_buelo,a_buelo
a,a,as,aceite,a_ceite,a_ceite
a,a,as,aceptar,a_ceptar,a_ceptar
a,a,as,acne,a_cne,a_cne
a,a,as,actividad,a_ctividad,a_ctividad
a,a,as,adentro,a_dentro,a_dentro
a,a,as,adulto,a_dulto,a_dulto
a,a,as,aeropuerto,a_eropuerto,a_eropuerto
a,a,as,africa,a_frica,a_frica
a,a,as,afuera,a_fuera,a_fuera
a,a,as,agosto,a_gosto,a_gosto
a,a,as,agradecer,a_gradecer,a_gradecer
a,a,as,agua,a_gua,a_gua
a,a,as,aguacate,a_guacate,a_guacate
a,a,as,ajedrez,a_jedrez,a_jedrez
a,a,as,aji,a_ji,a_ji
a,a,as,alcoba,a_lcoba,a_lcoba
a,a,as,alfabeto manual,a_lfabeto_manual,a_lfabeto_manual
a,a,as,almuerzo,a_lmuerzo,a_lmuerzo
a,a,as,alto,a_lto,a_lto
a,a,as,amable,a_mable,a_mable
a,a,as,amarillo,a_marillo,a_marillo
a,a,as,america,a_merica,a_merica
a,a,as,amigo,a_migo,a_migo
a,a,as,amor,a_mor,a_mor
a,a,as,anaranjado,a_naranjado,a_naranjado
a,a,as,anciano,a_nciano,a_nciano
a,a,as,año,a_no,a_no
a,a,as,antes,a_ntes,a_ntes
a,a,as,apagar la luz,a_pagar_luz,a_pagar_luz
a,a,as,apoyar,a_poyar,a_poyar
a,a,as,aprender,a_prender,a_prender
a,a,as,arbol,a_rbol,a_rbol
a,a,as,arcoiris,a_rcoiris,a_rcoiris
a,a,as,arepa,a_repa,a_repa
a,a,as,arquitecto,a_rquitecto,a_rquitecto
a,a,as,arroz,a_rroz,a_rroz
a,a,as,arte,a_rte,a_rte
a,a,as,arveja,a_rveja,a_rveja
a,a,as,asia,a_sia,a_sia
a,a,as,asistir,a_sistir,a_sistir
a,a,as,audifono,a_udifono,a_udifono
a,a,as,australia,a_ustralia,a_ustralia
a,a,as,avion,a_vion,a_vion
a,a,as,ayer,a_yer,a_yer
a,a,as,ayer,a_yer0,a_yer0
a,a,as,azul,a_zul,a_zul
#
b,b,bs,bachillerato,b_achillerato,b_achillerato
b,b,bs,bachillerato,b_achillerato,b_achillerato
#
c,c,cs,cancer,c_ancer,c_ancer
c,c,cs,cancer,c_ancer,c_ancer
#
d,d,ds
#
e,e,es
#
f,f,fs
#
g,g,gs
#
h,h,hs
#
i,i,is
#
j,j,js
#
k,k,ks
#
l,l,ls
#
m,m,ms
#
n,n,ns
#
o,o,os
#
p,p,ps
#
q,q,qs
#
r,r,rs
#
s,s,ss
#
t,t,ts
#
u,u,us
#
v,v,vs
#
w,w,ws
#
x,x,xs
#
y,y,ys
#
z,z,zs